,0,1,2,3,4,5,6,7,8,9,10,11
0,0.035017986377904375,0.8642866054420781,-0.3206915862616801,-0.30561271938148576,0.42373439024806425,-0.18576254422701588,-0.09399108372776858,-0.07731997695720888,0.10358989301657333,-0.10608254918208282,-0.1916688869885493,0.16160531043637114
1,0.0805667229392783,0.8802386109363005,-0.29807935962438076,-0.2845788143570815,0.4380749981693628,-0.14029065292132653,-0.07050459064552943,-0.07188700479043707,0.09654561699697763,-0.09617143415170311,-0.16095295665192946,0.1861219584149503
2,0.10737013969638898,0.7727629688299428,-0.10047283344893886,-0.08098714277148183,-0.22555470390998789,-0.16893309422140462,0.014959457637615246,0.01834329580402037,0.26809900640789214,-0.2197937619469635,0.36167244329834897,0.2348129150514344
3,-0.10191280977322875,-0.5006742702684657,0.25722734554834065,-0.19997508756189858,-0.17807676919013302,0.2190665125581953,0.06994304750643175,0.02920701165549602,-0.09037824686994855,-0.0450288744585464,0.0009597385524333202,0.04710605742991936
4,-0.0559839403871573,-0.4667951297112477,0.40088990464527363,0.17971521103041968,0.12955059223617446,-0.06866518408615083,0.0735065242966623,0.13029242672465768,-0.03303298638552207,0.07746810837350507,0.17644882981310242,0.09314025040090325
5,-0.39950502512707,0.3471521303532007,0.15798286811327494,0.3827506093283989,-0.10956735158284976,0.11260527191460117,-0.09469479850196617,0.040747726521442804,-0.14804919120462187,0.06564687332844768,0.09102663211915359,0.09093655448155152
6,0.20286903183575286,-0.5250535436322278,0.46923627101800974,0.2522044312066295,-0.08397484004981227,0.1268104597131141,-0.05979793684374824,0.08310933178599161,-0.26214310756509007,0.1572184564593677,0.15650752201105725,0.2467128948255798
7,0.33024657905624644,-0.7989875556302535,-0.3096140727214258,0.7003334403300423,-0.14224792235868294,0.1996579612575245,0.1743639807877101,0.06142236216241844,-0.1634225776728423,0.0966124558160616,0.07551615441052748,0.3608657576801158
8,0.28834872255586036,-0.49648638878412515,0.5262293067764815,0.32917399757021387,-0.035549414167519305,0.18696039238036136,-0.0164267784893537,0.09263906919346503,-0.2633212074503841,0.1769980735545671,0.2712513262927453,0.309440138381169
9,-0.34818327084861167,0.3881860517494729,0.2757096971614699,0.6126775126577523,0.05328943858526676,-0.02580888517074297,-0.04914893320240684,0.10159063422569158,-0.14030351880157185,0.12981234368705866,0.16137747342209685,0.24742032520417653
10,0.32308823678866505,0.7345289540899334,-0.25022177305052257,-0.09246930970553044,0.20870655358300505,-0.09927500093534627,-0.35922715186462933,-0.1132750861369316,-0.03338465596553644,0.022378083298996244,0.07834406574528445,-0.013218714397057714
11,0.634142571219804,-0.07221544585531883,-0.03684078419122301,-0.4022573622072129,0.3797737320974317,-0.23524750588367785,-0.1607033310937785,-0.04175829938369643,0.0760329359988996,-0.010863412727353406,0.06048322464739337,0.02309638911017233
12,0.36692200602837177,0.7530302174051362,-0.13753065405964585,-0.02701975296246124,-0.045644152441095154,-0.040445122693748045,-0.20442912305635288,-0.01410422065780961,0.05888262993908153,-0.024487184138291887,0.19927580049153856,0.022062174077089707
13,0.6725195866618087,-0.05562523810681126,0.07314138252363747,-0.33932767428570304,0.1237050164721112,-0.18186517535257782,-0.008718991972559034,0.05676169422186889,0.16914412851485022,-0.05891603504348897,0.1777351807177131,0.055440174997867846
14,0.860092021084751,-0.07852241140300843,0.13853257719987278,-0.22952514948016697,0.06458400256643652,-0.0690021467024266,-0.0751558336769727,0.04858962883008139,0.0494164562391353,0.012398407394353373,0.2478316599935808,0.12339389046469051
15,1.1389811368837826,0.026586840100751196,0.5362307828603035,0.3086895904900152,0.2809305489571661,-0.0035845661863759667,0.2009624879481869,-0.40328390822989796,0.28525433343793727,-0.1675612863052507,0.07511714959890735,-0.2561132855483812
16,0.8553606931028048,0.8690904834436014,0.3658144089441939,0.6363443248999577,0.12126657581172337,0.13597695669522303,0.06489586741332516,-0.4541702592242881,0.15183917857719134,-0.1355949514382819,-0.00042505206571192807,-0.15688128010662933
17,1.3366693541955899,-0.009510044176803236,0.6197304325739769,0.4316939484704039,0.16633633989550295,0.07479113670829839,0.10062531993589864,-0.4242993832708013,0.12001122219123105,-0.0873572318072659,0.0662045851609325,-0.10324672068199911
18,-1.0691737958324485,0.35080753724629876,-0.25032319658913754,-0.32578993671012907,-0.008298190103706395,0.1771288161875683,0.04320206578288534,-0.5516115442089956,0.7826710612013484,0.8371040370309991,0.15113245505683803,-0.027158767041624846
19,-0.7717789704139664,0.3385291156654514,-0.107728954736001,-0.07108559369819306,-0.0502492570024596,0.11745960231215408,-0.0868808731923809,-0.12558281436070623,-0.03721487409822877,-0.1357070331666791,-0.013494725593650838,0.017875213495950826
20,-0.452715478673821,-0.47170251487472314,0.10755437280617317,-0.3754897258995607,0.11601008135186497,-0.01917207689564804,0.10520215937954792,-0.05406545007733081,0.06434871518900075,-0.16640791009385153,-0.035526371244905944,0.05608090220317658
21,-0.8029780250846091,0.3581146902772305,-0.061134286805539645,-0.026967730616749005,-0.08415157803865811,0.050090259551595094,-0.013522323000867403,-0.07351931778585125,0.01012486727065582,-0.15395390298378495,-0.03469635246870911,0.07305932632232677
22,-0.7908140123307424,0.36245688030380485,-0.05449756613003517,-0.019564009432818618,-0.07886089314704213,0.06055379007322597,-0.007364579097881831,-0.0716007542442856,0.00857818704170067,-0.15075218428314094,-0.025756943028013214,0.0796820377498386
23,-0.7626542000473774,0.3859183727755053,0.0964795971877091,0.3450334902369928,0.10509575159223726,-0.24028521138933978,0.017780268588401024,0.07691856225119689,0.09269731354722177,-0.036814977833519766,0.08822967887874704,0.05601020214255533
24,-0.49168794813811983,-0.444082985152093,0.15595653027933865,-0.33524116095474565,0.09174563549372586,-0.08749539526804347,0.19302482548513078,0.0004210718072740695,0.12106587518995632,-0.18820262309064392,-0.05874989563743782,0.11951514427799319
25,-0.4846699564482976,-0.4416251553538152,0.1594405439009926,-0.332000329664796,0.09395518673085099,-0.08048924362926348,0.1966435430548735,0.00125816535576496,0.11998051752038119,-0.18667555278812617,-0.05401729139588867,0.12329258454890239
26,-0.47077039191359565,-0.43675727214642684,0.16634084733740007,-0.3255816638054356,0.09833133896507075,-0.06661312904446604,0.20381063595218252,0.002916080655907819,0.11783089984651426,-0.18365109605506189,-0.04464407737968876,0.13077403752605948
27,-0.7557263543849455,0.39272666594532946,0.10291363982490564,0.34785193792235847,0.11057177934057329,-0.23353758802711094,0.02936871343028198,0.07967272546814486,0.09285124355188068,-0.03692094986665567,0.08581324701405396,0.06967752632333082
28,0.0010103845127863518,-0.9034350600271736,-0.536450457379628,0.5130860821424602,-0.14528846925243413,-0.023616746724651395,0.026103292401091435,0.0442532842537184,0.04813354708337393,0.0313965361341795,0.14712385015672827,-0.2360095880165785
29,-0.45759865113894627,0.4269355709289136,0.31029407311458246,0.6247297601927856,-0.09949600973340746,-0.190711822780715,0.10069688122296439,0.3428062158942102,-0.0028274214811121337,0.15803609461597581,-0.18226081858019239,-0.023518493352070638
30,-0.9929318843335324,0.4086906125697782,-0.08871616962633208,-0.2143087208791347,-0.23175229123440103,0.20389245386623417,0.2377542000629621,-0.391180352109944,0.7890727481984348,0.8484684520984648,0.012527980531374714,0.16134613908530693
31,-0.9128151059988896,0.3998204846298538,-0.03653767167507098,-0.011371319151455386,-0.08459493111147083,0.0003323107399460236,0.12792568735210708,0.016790059161320613,0.137909273816597,-0.1843845581544977,0.018520922116038164,0.04352765184832376
32,-0.8181248058315221,0.3232766981307731,-0.16043856394857117,-0.18682541527233595,-0.11665909616682904,0.19919021436563822,-0.09306801662416013,-0.18359105204516712,-0.03746155839680304,-0.18943867834994213,0.02470489359900009,0.03383466942042501
33,-0.8009209085840372,0.3370891891570159,-0.023814656453491834,0.04864324005437325,-0.1758782417153349,0.02625285476543593,-0.007746527995865947,-0.027058606748175423,0.06401078126073419,-0.14341471040553683,0.09769960660964204,-0.008038360583459789
34,-0.7918263189212006,0.3402742817681751,-0.01929973599346511,0.052843021423638524,-0.17301489237996753,0.035332100949600063,-0.0030570451841043012,-0.025973820292247703,0.06260427024184634,-0.14143578560745768,0.10383257106953295,-0.0031431896060396436
35,-0.38381832747643524,-0.5229522077424421,0.1993320137052359,-0.20031207853541758,-0.06869454103550428,-0.07000662118202237,0.08098431468750457,0.019382612664870468,0.10253820577647692,-0.13462211404016636,0.15879432221646694,-0.028278786909831165
36,-0.258549003236067,-0.8667168897612564,-0.634175762179613,0.24956396031242548,-0.1717707427789278,0.022144830308884676,0.1845503418793804,-0.03572778175564029,0.19368429597809064,-0.16559999525156852,0.22848952091490912,-0.10556393978716905
37,-0.6091664610654038,0.3188595407984717,0.07365516877344264,0.2201709553451725,-0.27622886967529936,0.04289691111122804,-0.054732609908713196,0.06581290451624246,-0.03000770384710346,-0.028806444516745956,0.01933580066133572,-0.0598133854403319
38,-0.5909772817397305,0.3252297260207901,0.08268500969349607,0.22857051808370304,-0.27050217100456464,0.06105540347955627,-0.045353644285189926,0.06798247742809789,-0.03282072588487915,-0.02484859492058766,0.031601729581117524,-0.05002304348549163
39,-0.25179206184688635,-0.5063316363499262,0.2924030530519495,-0.06211277399572734,-0.1237241055095613,-0.06973645987714833,0.10681485760581069,0.13254253281145603,0.049323791567524006,-0.043341752586993625,0.0349891055196783,-0.044913455757345164
40,-0.29218158543067146,-0.5008901785423328,0.2647113493597503,-0.09754733297011375,-0.08770218554137729,-0.0890301681231378,0.1247460851997612,0.12864237806762313,0.11242871564678099,-0.07256667855726845,0.07573216659547839,-0.135240820651985
41,-0.18964569915083607,-0.48456683684033824,0.3232550095287987,-0.033414267972414716,-0.1041578850512177,-0.007694944285360273,0.13885965681951518,0.13995524026029543,0.03971263293845707,-0.029819099800119472,0.07689769599559944,-0.011463120744974286
42,-0.5720468406746864,0.372156627024055,0.12166246551575507,0.22097120412601293,-0.2597455602964502,0.08380987075761617,0.040422604633675994,0.08693521733491132,-0.04549901282054269,-0.0383374887135949,-0.06993617402011916,0.09269064036526876
43,0.2804253928167175,-0.0876355570971613,-0.0630731187719947,-0.44805507898667,0.21209474113798496,-0.5525555871989818,-0.011764561702723351,0.0942995280152584,0.3674749803875896,-0.1480912378485373,0.05550292529914986,-0.1702050473270356
44,-0.7320431924120894,0.3524453161323745,-0.08800251475940095,-0.05273604893231159,-0.0377388065313504,0.15712834209846446,-0.0663917412073257,-0.12084320153701537,-0.04336015515825292,-0.12706078090307166,0.01330121829235583,0.03926303135812895
45,-0.4284918944527907,-0.4569267852170837,0.12165366472037643,-0.36598892106363795,0.13096610878139853,0.013665459048197775,0.12826325624382173,-0.05022136360992059,0.06721780839676544,-0.16193488988783653,-0.00961931848494536,0.07153961880898752
46,0.1455988343727162,0.7897775011866517,-0.21710775736364563,-0.1777278494825403,-0.052946729596345575,-0.21219913120184847,-0.1458878240347578,0.04234278964695154,0.14632389398819365,-0.10502111155165621,-0.14762427708557155,0.024312394793939728
47,1.353100873148631,0.04369937828697373,0.8304197619426484,0.5495174469362313,-0.101378027215895,-0.017231050369427153,0.4264100516580413,-0.3585713241467073,0.3607513891527587,-0.24349756641559223,-0.18662790898313247,-0.22050561376035271
48,1.353100873148631,0.04369937828697373,0.8304197619426484,0.5495174469362313,-0.101378027215895,-0.017231050369427153,0.4264100516580413,-0.3585713241467073,0.3607513891527587,-0.24349756641559223,-0.18662790898313247,-0.22050561376035271
49,0.8639729745145825,1.0627712312457702,0.11964963732484077,-0.01632643484885519,0.4362986118541804,1.0125739461159524,0.4486790223742559,-0.3868795846001248,-0.03142551693794389,-0.3133229965505409,-0.28944108694631293,0.2447406740833445
50,-0.755685816132094,0.3016992366611907,-0.08473336522188293,0.06074762351766578,-0.01806090044726444,0.029579377746626626,-0.1599513386519492,-0.09638113614313275,-0.03758368602882612,-0.07742150930158367,0.09756785744573847,-0.06351511631611717
51,-0.742043931637839,0.3064768755779295,-0.07796098453184289,0.06704729557156368,-0.013765876444213409,0.04319824702287279,-0.15291711443430675,-0.09475395645924116,-0.039693452557157886,-0.07445312210446496,0.10676730413557481,-0.05617235984998698
52,-0.7314335770311964,0.31019281695761525,-0.07269357732847838,0.07194704050237316,-0.010425302219618163,0.05379070090439758,-0.14744605115391815,-0.09348837226065883,-0.0413343820791937,-0.07214437650670597,0.11392242933878087,-0.05046132704299683
53,-0.39947942335223496,-0.5059389173734549,0.1455568139921311,-0.22371473206160428,0.14776103951713732,-0.08429728238396063,0.0337877091135747,-0.022013692899760916,0.04728606241548858,-0.09871970270412866,0.0847406545921923,-0.009323326032571041
54,-0.3810430530456496,-0.5006238689443585,0.15004940660488902,-0.21635514480152676,0.15724167460936586,-0.07276295522619039,0.03529423399546116,-0.013071684611586941,0.03895445654792261,-0.0850982441824539,0.06777272364197062,-0.02035636185740975
55,0.1137613888020987,0.9334286937702034,-0.3132181570702805,-0.4067639186740578,-0.20109957703534478,-0.6316187173876041,0.7790158138863384,-0.3324134577046717,-0.6670919049583371,0.19336192866244267,0.0901531967624899,-0.10365517396872533
56,0.12740327329635368,0.9382063326869423,-0.3064457763802404,-0.40046424662015995,-0.19680455303229374,-0.617999848111358,0.786050038103981,-0.3307862780207801,-0.669201671486669,0.1963303158595614,0.09935264345232624,-0.09631241750259512
57,0.15468704228486355,0.9477616105204199,-0.2929010150001603,-0.3878649025123641,-0.1882145050261917,-0.5907621095588657,0.8001184865392659,-0.3275319186529969,-0.6734212045433324,0.20226709025379885,0.11775153683199895,-0.08162690457033472
58,0.1850023411609856,0.9583785858909506,-0.2778512801334046,-0.3738656312814799,-0.17867000724163384,-0.5604979556116519,0.8157500959118047,-0.3239159637999045,-0.6781095746062918,0.20886350624739597,0.13819475169830192,-0.06530966797893432
59,-0.4623103502829514,0.3111226411673923,0.09295528640095149,0.33181645626851003,-0.12677082955188193,0.047738602627239175,-0.17512895160602954,0.05158672279065881,-0.17042228846561266,0.09160790308720582,-0.05597544729067621,-0.04802622705243359
60,-0.14442711477838718,-0.5326684595107264,0.28277338649141837,0.02860871154741579,0.01679264317188113,-0.07989971327360958,-0.04522980182397498,0.10656764956611901,-0.07308892702678112,0.07437317665646857,-0.0054369852814246545,-0.09748110727060834
61,-0.43578446376634455,0.32041249461660665,0.10612380440936273,0.3440658185955337,-0.1184193939903938,0.07421973733105115,-0.16145129340505812,0.05475068328711465,-0.17452461227070223,0.09737976708160333,-0.03808763428266108,-0.03374864503495822
62,-0.11790122826178037,-0.5233786060615121,0.2959419044998296,0.04085807387443946,0.025144078733369234,-0.05341857856979763,-0.03155214362300357,0.10973161006257487,-0.07719125083187066,0.08014504065086608,0.01245082772659045,-0.08320352525313299
63,-0.10198551231633855,-0.5342304258217582,0.18424010326112752,-0.30909502923697163,-0.26203609104217385,0.2984623521902231,-0.0004576771532969593,0.018097655007983014,-0.14655829687639335,-0.027373197595124618,-0.1241303795869666,-0.08972102508512933
64,-0.10274357882371933,-0.5180701183762467,0.3034667719332075,0.04785770948988157,0.029916327625648165,-0.03828650159619076,-0.023736338936734172,0.11153958748912106,-0.0795354358633504,0.08344324864766466,0.022672435159741967,-0.07504490695743275
65,0.7586770650265204,-0.061341200903567636,0.1242844610645586,-0.12933780354972912,0.28432912165385626,-0.36361298157054683,-0.1236656770575118,0.14394122638713566,0.09330597903621608,0.11256408246290119,0.0013694752636852063,-0.05520487798413486
66,0.7227700079828614,-0.08717605575732316,0.08657086641526453,-0.5085776032362519,-0.40796422746364636,0.027738468393614164,0.06284355052209559,0.13223217715645016,0.1525586893755499,-0.11376540118212436,-0.02722408821565206,-0.03759954349055225
67,1.0902993165115962,-0.10880674102590236,0.21528680407393253,-0.30214282699486583,-0.4902935116287027,0.2450684595044086,-0.04596678929555426,0.14207590047631352,-0.08067444970077237,0.04804031572703005,0.020080131475935268,0.07178279171093889
68,1.2642020489453214,-0.4146491531044011,-0.573409157066605,0.1716593071677611,-0.5701619998884885,0.36621653131959675,0.12400680561993498,0.10473232868905656,-0.0026280160596646967,0.01530559759829733,0.048433869773258774,0.10165542091722783
69,0.7615046768811232,0.7574153180243084,0.02520258431509869,-0.006106520777002249,-0.5941577364850034,0.40485372989666113,-0.13058803946728448,0.10266233605175616,-0.1553155555769975,0.06364434183640448,-0.0010397769155324255,0.1177366786530481
70,1.2572843200859571,-0.10708525100563179,0.2877178896806219,-0.21294714438350737,-0.5271650109061461,0.32831002437992796,-0.06589943682923063,0.1370314258563565,-0.1674514420829145,0.09195157878851447,0.043056878696801616,0.16995857225464983
71,1.382589998967598,-0.04051168860399439,0.5623652246315436,0.3516446060810035,0.2226949307921739,0.16596614583199698,-0.01187709835526391,-0.5768977891521884,0.02041880398989957,-0.11364582450031645,0.13312059082839925,0.013939707635418914
72,0.7326217870881285,0.9495555605750479,0.3108959258517649,0.47451024500643046,0.3083858505181529,0.20504460219255807,0.18205292313102286,-0.5318042767609793,0.13925779976668304,-0.21045864838442077,-0.09210378565415742,0.13248371136522585
73,1.460785860661103,-0.034450288807215824,0.6351140790469315,0.4861510542559338,0.15473778643484895,0.1020485483925088,0.006333825224399457,-0.42878702328515356,0.02175372951876717,-0.017143438333252575,-0.0066411710085445665,-0.14133002194424907
74,1.0850498156665607,0.8132923720139865,0.4193488479353173,0.7580560710141895,0.03301405295764092,0.22122641758655015,-0.1092728219212233,-0.48050529725859825,-0.039524790545147494,-0.0108675005820091,-0.03650602017228466,-0.1339737581971126
75,0.46947351895828876,0.7381331016840623,-0.08808411819402573,0.1964170512032638,0.12042913724472593,-0.20678755437156898,-0.3490094105916576,0.07066977800746509,-0.07096067682794581,0.1738926024057911,-0.009790928106523319,-0.04946096755770956
76,-0.7919301888046637,0.3577133943232162,-0.05335374371630191,-0.016349864839369208,-0.09004302151358705,0.05476668021390685,-0.016552885416551578,-0.0719377643834188,-0.0038844231193981642,-0.14645362988050395,-0.04161627568257374,0.09432295874555495
77,-0.7798040692542149,0.3619601844714285,-0.04733384976959963,-0.01075015634701553,-0.0862252223997639,0.06687234179279232,-0.01030024166753607,-0.07049138244218184,-0.005759771144581958,-0.14381506348306508,-0.03343898973605254,0.10084985338211512
78,-0.7725283975239455,0.36450825856035585,-0.04372191340157826,-0.007390331251603319,-0.08393454293147003,0.07413573874012361,-0.006548655418126763,-0.06962355327743966,-0.006884979959692233,-0.14223192364460174,-0.02853261816813982,0.10476599016405123
79,-0.774003021841903,0.38687717808730615,0.09205769936128734,0.33967872155331696,0.109548562356154,-0.24467335014412692,0.021797854508475264,0.07931463090672945,0.09752272971655315,-0.03927050100539157,0.08449366660950272,0.05191107733650516
80,-0.6003040404109756,0.407161194094597,0.19506062832156265,0.4652067564937509,0.0654264669040461,-0.20853809767116388,0.035071036467504424,0.13683430133658925,-0.0015045008743305587,0.034475032008658986,-0.03452435582689525,0.16319329170801478
81,-0.5904710476934975,0.398281843458417,0.1233647501791172,0.2869412695306182,-0.06433925068834949,-0.05546104204587786,0.02278551033707292,0.11551560969676541,-0.05620729771088284,0.015719288537314576,-0.20739245053253058,0.08550069197439325
82,-0.4658068699806737,0.4245175847345855,0.3080831683606434,0.6214009453299053,-0.10355073745937396,-0.19615781787737147,0.09966440201246483,0.33912997382048043,0.0006341510426455328,0.152406109767482,-0.1760358346089271,-0.01955400302839862
83,-0.4302885320994286,0.43672841855946193,0.3247839084932884,0.6375720975743491,-0.09163288776714254,-0.1620735908012431,0.1163788968300079,0.34471512807386223,-0.0059549586969750825,0.16205663826509392,-0.15796404518935311,-0.004627511772395822
84,-0.4360484388858918,0.4347111932390611,0.3219244588686049,0.6349122360404811,-0.09344634234620852,-0.16782378005121368,0.11340889104922554,0.3440280966517747,-0.00506416838501278,0.16080331922631047,-0.1618482560139507,-0.007727786724761904
85,-0.2881382033280578,-0.4584175272677575,0.299902495252003,-0.02303466351176551,0.06925504374702988,-0.19649579308446952,0.13082094254764526,0.16498360177779334,0.04244898983537231,-0.0018373278123517164,-0.15118357749785805,0.008299751956140574
86,-0.2699490240023846,-0.45204734204543906,0.3089323361720564,-0.014635100773235,0.07498174241776458,-0.17833730071614132,0.1401999081711685,0.16715317468964877,0.039635967797596636,0.002120521783806567,-0.13891764857807629,0.018090093910980817
87,-0.2853903470119454,-0.44513213185280726,0.3778440133641521,0.16104052101218405,0.20298172792001692,-0.3370132248216617,0.14959358656768032,0.18780291468165045,0.0952061130957964,0.01965592829633546,0.030168451377293074,0.09276400487519328
88,-0.2853903470119454,-0.44513213185280726,0.3778440133641521,0.16104052101218405,0.20298172792001692,-0.3370132248216617,0.14959358656768032,0.18780291468165045,0.0952061130957964,0.01965592829633546,0.030168451377293074,0.09276400487519328
89,-0.6955565690169319,0.28771395997721694,-0.07338813128154374,0.04387082805422945,-0.16059213998037938,0.09535698612597104,-0.1604768364034499,-0.05871420462178379,-0.05724674142772415,-0.06474782690368029,0.0320247268234957,-0.1475438066106407
90,-0.738037053814898,0.28491279963404603,-0.09732701557308905,-0.22615737757998497,-0.5175372268603198,0.4087120289081775,-0.0010035106882930309,-0.33201622807359504,0.3827183782558898,0.5444807716907232,0.020221733771345306,-0.040202977291417204
91,-0.6781252721631615,0.29381872081527205,-0.0647345337331592,0.05192040901198787,-0.15510405375425862,0.11275887464561891,-0.1514886610142401,-0.05663503058125566,-0.059942554213925865,-0.06095488770736193,0.04377957537161993,-0.13816139557058546
92,-0.37154244431625055,-0.5144916829971332,0.1464266192332938,-0.25993253599625005,0.014555311336946018,-0.027677593009926397,0.0447294973741612,0.01434840283114839,0.05016657233479657,-0.09516935509276708,0.02290336008094911,-0.10425308446058687
93,-0.24679721420560607,-0.7780690326687619,-0.6222604947361405,0.18792483268828192,-0.040456486029365864,0.027075700499122134,0.29975450689597083,0.0003733835377140981,0.14424325755643314,-0.1630671290544823,-0.1114773966919147,0.054085398486025275
94,-0.6682728000284219,0.29726923781069453,-0.05984336990146359,0.05647017216202523,-0.15200209197427733,0.12259472467846338,-0.146408387968165,-0.055459845254000634,-0.06146627448438769,-0.058811052509442865,0.0504236202031684,-0.1328582936783803
95,-0.6726197246631191,0.32138815417480004,-0.04424719523866085,0.05235262887585856,-0.13435975192108543,0.11634860159490158,-0.1016460624301594,-0.044510172182939574,-0.05412627669268951,-0.06935493938578176,0.00397259643571917,-0.07581798031669831
96,-0.3616899721815109,-0.5110411660017107,0.15131778306498936,-0.2553827728462127,0.017657273116927313,-0.01784174297708196,0.04980977042023629,0.015523588158403417,0.04864285206433473,-0.093025519894848,0.029547404912497573,-0.09894998256838174
97,-0.2369447420708664,-0.7746185156733394,-0.6173693309044449,0.1924745958383193,-0.03735452424938456,0.03691155053196659,0.3048347799420459,0.0015485688649691269,0.1427195372859713,-0.16092329385656326,-0.10483335186036623,0.05938850037823042
98,-0.6719868619751181,0.3243242906989214,-0.04268371857300691,0.050882869555172384,-0.13295216057993184,0.12058065365653348,-0.09811515303737388,-0.04659523805050729,-0.0495561147660446,-0.07010957031304751,0.011603845608217303,-0.07452894254684653
99,-0.21900347853882624,-0.50872024626938,0.2890133152238781,0.01670177610936877,0.02347630303860736,-0.13361327757323122,0.03450599283294724,0.1388747064522006,0.015116632793363354,0.032888252029559605,0.01362025793516296,-0.11035335593879128
100,-0.2099088888759896,-0.5055351536582207,0.2935282356839048,0.02090155747863403,0.026339652373974714,-0.1245340313890671,0.03919547564470888,0.13995949290812834,0.013710121774475508,0.03486717682763874,0.019753222395053862,-0.10545818496137116
101,-0.034587279165921476,-0.5095128473011402,0.283873873947461,-0.014841225087601979,0.043484780078963725,0.07734878511379946,-0.04177453403494595,0.06069054362093687,-0.14743169807592243,0.08428349110513957,-0.01862295286391037,-0.02567004917840055
102,0.11026895691617776,-0.8055278565790875,-0.5033469800639531,0.44494840555023485,-0.03308903685515813,0.1598333395807906,0.1507483628252285,0.030494549754013,-0.06415639932578192,0.03634575499737401,-0.06195808806386721,0.04577835721274106
103,-0.023319227227731783,-0.5118587530437309,0.287394059128512,-0.007952383129966883,0.0397029734307014,0.07994300740365406,-0.046534924226320024,0.06107983629778462,-0.155789700534897,0.08753322492362835,-0.02059611181914671,-0.022025361044829387
104,0.22403464571145934,0.8616471642535483,-0.1030188462294335,-0.07471580958926309,0.020794584011765642,-0.12037938292440423,0.024795380722527523,0.1098071974962683,0.10548410924452785,-0.049443983522921196,-0.1343423687137731,0.2220707473924208
105,0.3008941711251934,0.9845336397420745,-0.05799615189659356,0.10073315064026961,0.4839906778578411,0.10772002267184563,0.3217012464717727,0.5173122533538531,0.17652288090052579,0.027430550328772396,0.10820221999049756,0.18040327999472325
106,0.3547651660535559,0.8348309689749274,-0.057376144602477315,-0.0085261459102573,-0.048337630829602636,-0.09148809459249493,-0.04761024811253782,0.08051413034686082,0.032822829534682976,-0.019008803285802647,-0.11613597174170615,0.263249271226327
107,0.771747773866293,-0.1667706081116313,0.09987256157832514,-0.15598541316835954,0.0472688015048487,-0.3262155030104242,-0.266841003342275,0.053379285302882516,0.014942785784149242,0.07399962766068235,0.1248932862243683,-0.004800140074945881
108,0.8407382719968131,-0.16577331761437103,0.05226876885851266,-0.45792430405216394,-0.42512837505313,0.041498146223289234,-0.1602915076260751,0.1001741478717563,-0.023780497390658704,0.005623336717896485,-0.13650487416588628,-0.14106671648417687
109,1.0237713870112632,-0.5117425304508234,-0.6666792613507563,0.36162761581344444,-0.10777637975390279,-0.22613064011090186,-0.18186360036985208,-0.010482462465194109,0.026670244609690676,0.059881502905230394,0.12331833865345006,0.04879286453732632
110,1.0945808030743505,-0.5101082214313313,-0.7133800699785632,0.06052868120349299,-0.5796008864448082,0.1433988583596444,-0.07437620809129997,0.036529357394865195,-0.012334340768894865,-0.008099003077939707,-0.13685322884482637,-0.0864946776764206
111,0.8220933859140565,-0.14975557073653106,0.009105033187454812,-0.23676885192453404,0.3688386693172753,-0.21529196063476178,-0.37610912333119434,-0.11581305955330914,-0.1082359634367951,0.09689684489595018,0.16647927244719288,0.11258690720682915
112,0.8968215749176389,-0.14613191317888924,0.0801107783620107,-0.43202565227502815,-0.407471054151698,0.09748683102563456,-0.13137303028687838,0.10686366434997721,-0.03245398200713375,0.017826706306051213,-0.09868492666322576,-0.11087982879008607
113,1.0610136309874818,-0.45549619194689817,-0.7340040178700694,0.2709856343409971,0.2426165928123487,-0.1299737024645049,-0.21772617040983472,-0.16195953246518446,-0.08222855891857148,0.06379323934653836,0.08518556983016368,0.25851106318972705
114,1.1433126460177168,-0.4930414335232031,-0.6891876211802533,0.08303250970713935,-0.5642581062561314,0.19204848582979037,-0.0492483960249439,0.042342004821211206,-0.019870895645102228,0.002504735631767708,-0.1039907609472443,-0.06026471985574443
115,0.8434434557083217,-0.1416614613603262,0.13546518453820233,-0.12287713670731842,0.06984153876532798,-0.2546407789252638,-0.22987224717622082,0.06193101853044601,0.003854790585250078,0.0896001514855396,0.17324148938317485,0.033790124463716105
116,0.912737106827603,-0.1405580011093606,0.08801188916705747,-0.42467603487881395,-0.4024601928148051,0.11337551184792179,-0.12316643536629551,0.10876204064785074,-0.03491537629018748,0.021289824702689718,-0.08795223885841667,-0.10231327957960083
117,0.8774710553291769,-0.10957553230894962,0.21257339434472539,0.07001326114443641,0.2383326978604782,-0.41237131815957173,-0.21458481717722597,0.14584170492046736,0.02591445770699115,0.17446796358801925,0.15850465665256588,0.025328264615363378
118,-0.8030159201283816,0.35818354771716626,-0.06055508441390435,-0.025198716103249513,-0.08270255350532667,0.048372468109472454,-0.013656301870328692,-0.07305617607265529,0.010465255992041863,-0.1534072417205638,-0.03398533701170017,0.07311435002179992
119,-0.7626542000473774,0.3859183727755053,0.0964795971877091,0.3450334902369928,0.10509575159223726,-0.24028521138933978,0.017780268588401024,0.07691856225119689,0.09269731354722177,-0.036814977833519766,0.08822967887874704,0.05601020214255533
120,-0.49168794813811983,-0.444082985152093,0.15595653027933865,-0.33524116095474565,0.09174563549372586,-0.08749539526804347,0.19302482548513078,0.0004210718072740695,0.12106587518995632,-0.18820262309064392,-0.05874989563743782,0.11951514427799319
121,-0.44363270328745574,-0.453332377571659,0.16966751618108722,-0.3068573689051599,0.07830656798655966,-0.06919689462740762,0.17333725823849544,0.0009329851130254149,0.08959703417740804,-0.17338137906447024,-0.052261669861238196,0.12709648007960542
122,-0.42973313875275376,-0.4484644943642707,0.1765678196174947,-0.3004387030457995,0.08268272022077942,-0.05532078004261016,0.18050435113580446,0.002590900413168276,0.08744741650354111,-0.17035692233140592,-0.042888455845038274,0.13457793305676252
123,0.002575587652774908,-0.9031152386172911,-0.5366054202977493,0.5135780506083139,-0.14406045707890752,-0.02342837206940235,0.025310384721391004,0.04578856907163676,0.04679541181426787,0.033659078718962704,0.14229923892604265,-0.23935840174294443
124,0.20793317691173632,0.8289902688691239,0.0768565984484785,0.30901594438483815,-0.11750237027225069,-0.5349593904129427,0.05207792815032137,0.36958106164106713,0.27716911975695435,0.045814215307844526,-0.10591816444410518,-0.02288056899112444
125,0.4181694093678084,0.8811947554187693,-0.12963061395986417,-0.11465697258961176,0.09105918204633953,0.07660095559574198,-0.056141376039581886,0.10396392769158434,-0.05341739830672024,0.073180941404556,-0.3421522636569542,0.11392588056074161
126,0.4479264984424258,1.0558784397854877,-0.27969859090023597,-0.29121287950101166,0.7399008023001886,0.7921441423051603,0.4246201791675932,0.6337988123283944,0.08591588215891292,0.05734970435443329,0.28076782279532414,-0.28038309215997176
127,0.4479264984424258,1.0558784397854877,-0.27969859090023597,-0.29121287950101166,0.7399008023001886,0.7921441423051603,0.4246201791675932,0.6337988123283944,0.08591588215891292,0.05734970435443329,0.28076782279532414,-0.28038309215997176
128,0.4479264984424258,1.0558784397854877,-0.27969859090023597,-0.29121287950101166,0.7399008023001886,0.7921441423051603,0.4246201791675932,0.6337988123283944,0.08591588215891292,0.05734970435443329,0.28076782279532414,-0.28038309215997176
129,0.7131000552307892,0.9973667135134783,-0.0861953985963515,-0.11964959252849186,0.25716302692096316,0.7274748211949893,0.2406738175352012,0.4310043824981828,-0.16639403921018878,0.1285790399786953,-0.18190100271330997,0.2161637355161903
130,-0.024111244804900168,-0.7933743894709598,-0.40290899605283875,0.5473904601749924,-0.2977281494299184,-0.045237720051149885,0.33176011233613,0.2603025751269651,0.12327548666123828,0.008196396906421004,-0.15422364569204605,-0.07771947288896643
131,-0.49483151828813454,0.3884460853993135,0.22055231923913826,0.383081453171643,-0.3331851399137694,-0.005059218210709068,0.08650247328965703,0.2534386350254593,-0.04245791199695062,0.05656640025610794,-0.23072383904095634,-0.00555125370600231
132,-0.33037590334461864,0.2739075113402702,-0.010629152297533476,0.20935756817558668,-0.058565961174050454,0.287526034378653,-0.3371212119117677,-0.07906915334361471,-0.3367841799483279,0.1387338433877353,-0.0485584955870025,-0.11818929504093886
133,-0.02201205260891303,-0.5336970165099674,0.20201418715256003,-0.09988640604529873,0.1131150983175592,0.14718762451781792,-0.14009913583047537,-0.007405620926829284,-0.2266159668819971,0.10546182222516712,-0.0674971025286862,-0.08324692603598306
134,-0.4427852871563627,0.25697871691225854,-0.062187456686455284,0.10183921502526853,0.07048131369831452,0.3579729984975095,-0.33981014794897013,-0.36239862605838213,-0.2987240274065542,-0.06812884231589009,0.4702920669827985,0.310356048565893
135,0.028614496514210858,-0.5159666676411812,0.22714724438004205,-0.07650762308972213,0.12905440961777082,0.19772876160966477,-0.1139943481783356,-0.0013669763221649893,-0.23444554488713942,0.11647783693447436,-0.03335693370196018,-0.05599714092834434
136,-0.23605745824178284,0.30948556439544883,0.05473278667344129,0.3082947224713571,0.016418967380582756,0.3296065846065729,-0.2920349873415707,-0.053321502447298864,-0.34100049528368276,0.17645905292742198,0.03787911040912945,-0.06508426509435963
137,0.07461793495340446,-0.4973915477419345,0.2679256538469062,-0.0016683209207114034,0.18736683967270285,0.19325577773390135,-0.09370656168787661,0.018150084870272552,-0.23152429869346008,0.14313510170115248,0.019762729125409575,-0.02897312704452195
138,-0.694676143230105,0.3241357209458636,-0.21219784513372392,-0.02779357240192939,0.3468830294848297,0.07200276784975532,-0.3208379793064537,-0.16987451557995514,-0.1966864353845256,0.05039142978302393,-0.19128805324239345,-0.19481987695290742
139,-0.6579775473392389,0.33583153475105487,-0.17618783412945888,0.044573215523450914,0.39612828034632125,0.05369861367050014,-0.3118640409443341,-0.1518644984901925,-0.19881906324969725,0.07681295932306609,-0.15277930695891556,-0.16855823859766708
140,-0.6296970396331698,0.3045855877486127,-0.19040839956080544,0.06226974189905521,0.37457598198815906,0.08781639172146316,-0.3724879680252141,-0.16549719061692222,-0.2165348113973335,0.10045756759138438,-0.0636426299238178,-0.245990728751174
141,-0.23058189949943156,-0.4787637457733341,0.05402777740732563,-0.3367421340762245,0.39845933268988676,0.07645030310193841,-0.12267863000069767,-0.11631905307682097,-0.21222566385196323,0.032247547028241424,-0.30508429161272566,0.00788470773412512
142,-0.22074458501412997,-0.4753185372655968,0.05891141637158785,-0.33219937056180265,0.4015565222209758,0.08627102105780925,-0.11760617275930883,-0.1151456757269925,-0.21374703993739358,0.0343880840181637,-0.29845046838861033,0.013179651008034558
143,-0.1895198731805936,-0.46027661967650657,0.10431337129528344,-0.2284544410670856,0.48443511271717926,0.03344503713900597,-0.10722758299287484,-0.08803815939019097,-0.20184964816187456,0.06892773165222606,-0.24056548329672672,0.0337574169577974
144,-0.18298424711494157,-0.4960164960020974,0.08095120735379614,-0.22204213809494297,0.459132181857818,0.04346974209055683,-0.17318364000697856,-0.10353764757282027,-0.21301129978379493,0.08487466024039492,-0.17124477950594624,-0.05159631126665835
145,-0.1572012050438603,-0.47631003276010764,0.17149289968640857,0.02211101041688027,0.6571739474466676,-0.14918555743686454,-0.17476607274256473,-0.03966626259116272,-0.1735100848773872,0.16262279386065823,-0.05810379343521766,-0.02791386966805927
146,-0.10913055321719958,-0.7634669023628753,-0.7060770733853438,0.19976698443362156,0.40163308102942086,0.05731158652615261,0.0800173593360705,-0.1195718345530143,-0.10147009936213776,0.002547628814418094,-0.3393546532749852,0.09709501738694465
147,-0.06767438200410264,-0.7489481885436746,-0.6854965609550554,0.2189109878418557,0.41468518174980373,0.09869781704896732,0.10139358515301726,-0.11462701629141046,-0.10788144542323483,0.01156822768566219,-0.3113985569453159,0.11940883842568473
148,-0.08071816565837982,-0.7946578906815481,-0.7203207898084807,0.21654651592637647,0.3801711270166524,0.08797032175289188,0.019559185896850254,-0.13399441129773898,-0.11729447122359013,0.02408704109648201,-0.25262681329329817,0.018176757063697393
149,-0.02984921376730748,-0.7661658803204442,-0.6173254418736281,0.47228406138175627,0.5861109645222237,-0.07964139038321005,0.030911909917039893,-0.06713082367514754,-0.08167288254428134,0.10729370895144694,-0.12256906692070388,0.055361711941680346
150,-0.73545233348846,0.286321459411924,-0.11466630613501884,0.04329796607305408,0.03444079447367121,0.041186141574513925,-0.2259554079426181,-0.14838556775179218,-0.06933853544792082,-0.06794726331171183,0.11723503260367858,-0.08281243981686028
151,-0.7204462605447794,0.29157686222033674,-0.10721668737597477,0.05022760533234176,0.039165320877027336,0.0561668977783847,-0.21821776130321138,-0.14659567009951144,-0.07165927862908576,-0.06468203739488124,0.12735442396249855,-0.07473540770411706
152,-0.4146213151697715,-0.516998965976332,0.10356822221880937,-0.26197532145666846,0.20858607352361794,-0.08502617372584095,-0.02239039314912354,-0.07570263555843473,0.03856705717121066,-0.0990614151801263,0.10596712830017015,-0.0412350275089035
153,-0.20614210990247803,-0.8871833791629493,-0.7117658296937858,0.23875572841968265,0.07226401146677465,0.039833823967302645,0.02912218119204149,-0.13567728220243033,0.07146922364287747,-0.10188495560617308,0.20638972330107674,-0.12119308325405
154,-0.19128761345317824,-0.8819810612313893,-0.7043914596090755,0.24561537132281594,0.07694081538120799,0.05466325940143735,0.03678166978458549,-0.13390546432441505,0.06917192231202732,-0.09865271176931048,0.2164068985855652,-0.11319763732426379
155,-0.17794888194768452,-0.8773095920683558,-0.697769576267703,0.251775050664405,0.08114039440641345,0.06797948713821136,0.04365957790850255,-0.13231444418905441,0.06710903948432516,-0.09575028873212774,0.22540191312673852,-0.1060180532240476
156,-0.35424228262709057,-0.4884779473556098,0.13978507967197334,-0.23079053050763285,0.22895124867616237,-0.07416366121700213,0.007279047754008586,-0.037935715019904476,-0.011109448007843225,-0.06297029918388285,-0.034026390017446326,0.021103362260126587
157,-0.35248319542303774,-0.48347984848646103,0.14365314251438813,-0.2303589585671331,0.2327999395522314,-0.07257607610277331,0.016202303197871904,-0.03579807210540872,-0.010156150907449655,-0.06420096014392716,-0.03992839001684435,0.03198859760206858
158,-0.31782487662232706,-0.4903187897258901,0.12461930597616024,-0.4388501504051475,-0.1720392154347697,0.1833658177987308,0.11321461565545517,0.008150537499085977,-0.0093635819718646,-0.13566597109172737,-0.17897027527877246,-0.059406338025559606
159,-0.36975669073375905,-0.48605545265590405,0.11651800372876606,-0.5382669378816081,-0.2377578057349596,0.2841371808454842,0.19057186565084924,-0.24615517763691847,0.416704858386829,0.5712888054400611,-0.20733529801901568,0.02543963847715007
160,-0.390198734100044,-0.48300177856301213,0.13661980947921654,-0.3224493162545256,0.16496749870386979,0.04272464677464242,0.08485753378847449,-0.2922637394813456,0.41126299876362565,0.6490740416642043,-0.044530132061504205,0.10460968682686353
161,-0.3349003220748869,-0.47732200277155323,0.15238198873710643,-0.22223938125322026,0.23833574826727494,-0.05502286681338937,0.02526863663394439,-0.03370081829061513,-0.012875405543966151,-0.06037503886764081,-0.028071325394388627,0.04145259482508083
162,-0.32125843758063194,-0.4725443638548144,0.1591543694271465,-0.21593970919932237,0.24263077227032598,-0.04140399753714321,0.03230286085158684,-0.032073638606723555,-0.014985172072297919,-0.0574066516705221,-0.01887187870455228,0.04879535129121102
163,0.012542042296100647,0.739318559256056,-0.2966364458629715,-0.2333125033468298,0.06599072319086968,-0.2640115332849701,-0.2051726674185338,-0.07023157964817311,0.16713287276863914,-0.14292114746955928,0.05728427885717316,-0.0009836482701650038
164,0.015270419194951645,0.7402740870394039,-0.29528196972496346,-0.2320525689360502,0.06684972799147988,-0.2612877594297209,-0.2037658225750053,-0.0699061437113948,0.16671091946297278,-0.14232747003013552,0.059124168195140436,0.0004849030230610362
165,0.042386100410200994,0.7701335378865161,-0.3334099864947529,-0.32118188075317067,-0.010157903945817523,-0.2221600474717605,-0.24332181375160397,-0.08662807727912919,0.22248811762991808,-0.2551587463472045,0.03928516923281444,-0.05556813692734919
166,0.04602393627533566,0.7714075749309798,-0.33160401831074227,-0.3195019682054646,-0.009012564211670578,-0.21852834899809484,-0.24144602062689932,-0.08619416269675809,0.22192551322236295,-0.2543671764279728,0.04173835501677081,-0.05361006853638114
167,0.1918798825541138,0.7481708997503038,-0.1615701013457178,-0.10796472411672849,-0.24353823913575673,-0.22148676936630232,-0.13938997156213026,0.13236210447157537,0.12032759916710296,-0.03923530924739329,-0.2116190739498157,-0.1140048777348024
168,0.20991748538540647,0.7544880000957697,-0.1526155090999982,-0.09963515773435239,-0.23785926295394477,-0.20347959776771016,-0.13008916398546969,0.13451359760916534,0.11753801897964206,-0.03531044173120298,-0.1994553611043654,-0.10429612196291915
169,0.21522266268872783,0.7563459707856125,-0.1499818054983159,-0.09718528526894767,-0.23618897584164716,-0.19818337082694779,-0.1273536323452754,0.13514638970845652,0.11671755421862416,-0.03415606893232348,-0.19587779850276238,-0.10144060555942408
170,0.2335634185087817,0.7627692408847835,-0.1408767159039287,-0.08871572617426271,-0.23041455468198968,-0.17987355768888347,-0.11789650867488945,0.13733404239457742,0.11388109033053367,-0.030165237256197203,-0.18350965350864903,-0.0915686774216268
171,0.2388685958121031,0.7646272115746264,-0.13824301230224645,-0.08626585370885796,-0.22874426756969202,-0.1745773307481211,-0.11516097703469516,0.1379668344938686,0.11306062556951575,-0.029010864457317702,-0.179932090907046,-0.08871316101813173
172,0.34254291862225156,0.7790256958535517,-0.1017488101586564,-0.0364864171447762,-0.21257763516932732,-0.07023524517510259,-0.10178398348189242,0.14069381242636275,0.09090028713396822,0.0016151436791491311,-0.07457776375607235,-0.0826023899737455
173,-0.12578538224100957,-0.5324118795212509,0.3305900525737516,0.04880737213484051,-0.11018488536220043,-0.08030426987187946,-0.0020905314591383914,0.13013345172702473,-0.04498578863329343,0.048607713302798325,0.010499927284669145,-0.05890709750138786
174,-0.10026848052987061,-0.5383876922583469,0.19186351934642595,-0.31521823392115783,-0.27307616273557517,0.29160586253769916,-0.009267810991784283,-0.02387967772394885,-0.14947529291204087,-0.05467894202878666,-0.08598337526707248,-0.010369833155361385
175,-0.12093093507464105,-0.508801591973676,0.347973901253147,0.049145326577324254,-0.09218221569384802,-0.076300684313873,0.04049363654174773,0.1403515921686014,-0.03960981502314088,0.041596874423409314,-0.021667690644939872,-0.006602161548560535
176,-0.09622796583679055,-0.5220603285349835,0.3452635440688384,0.062456661584952604,-0.10087900002225654,-0.0507967197733461,0.01315028767908691,0.1336590077087898,-0.04955694944467893,0.055039218896555546,0.030432061779314564,-0.042997791824772445
177,-0.10183229678268411,-0.5021128974902417,0.35745523421920306,0.05796486745278131,-0.08616918208957658,-0.05723426732712837,0.050341550446447156,0.14262964372604958,-0.04256348816280535,0.045752616499375516,-0.008788465279168982,0.00367769750402174
178,0.3821882628221143,0.7598502377726076,-0.07430565249126822,-0.02341773431200161,-0.2307823491795794,-0.04899943776950368,-0.14373294017606872,0.031054582113015802,0.01598664420163563,-0.04390022831127076,0.022531641165993408,0.1950129778952285
179,0.37369997913680014,0.7568774846688591,-0.07851957825395982,-0.027337530256649183,-0.23345480855925557,-0.05747340087472352,-0.14810979080037956,0.030042114754149935,0.017299387819264284,-0.045747224789477965,0.016807541003428576,0.19044415164963643
180,0.7007573978944808,-0.1013533177849685,0.10809967250660979,-0.3125720300428439,-0.0848869252784709,-0.21185355710194761,-0.047655604444801346,0.07832348082356541,0.12316489073519014,-0.060948081857431814,0.09859793451112774,0.09310879118661353
181,0.810703648261204,-0.38139209062104945,-0.679404268781211,0.12750739812281034,-0.14864809381346242,-0.1564079440771855,0.17751813779744674,0.05455733715946358,0.22458123341363967,-0.12534702169705653,0.005851718362473506,0.1978792430010948
182,-0.5709213394818189,0.2525886510528857,-0.06878502403829669,-0.07110530741042159,-0.46914578279066554,0.36893052892031414,-0.1673180432071306,-0.1117364043478269,-0.14740342565064646,-0.10934979039664626,0.071356294097937,-0.0793950112176438
183,-0.5457793600780201,0.27042432435753067,0.022602999583843056,0.2221923742579552,-0.21424318855569263,0.1005010573698894,-0.20146383961829087,-0.009637008028634066,-0.11749650207908365,0.019501419844193926,0.10032008655366059,-0.12923814271738202
184,-0.26403535864614686,-0.5556155830058142,0.14252662627682391,-0.3828182597063506,-0.29939097272161536,0.22879670280424097,0.0290564312749961,-0.04071681138689193,-0.03734118280255363,-0.14349829362211539,0.05068451095592922,-0.04532352774173121
185,-0.23889337924234805,-0.5377799097011692,0.23391464989896354,-0.08952057803797392,-0.04448837848664246,-0.0396327687461837,-0.005089365136164177,0.061382584932300886,-0.007434259230990808,-0.014647083381275235,0.07964830341165277,-0.09516665924146943
186,-0.23434608441092974,-0.5361873633955896,0.2361721101289769,-0.08742068735334128,-0.043056703818958784,-0.03509314565410163,-0.002744623730283359,0.061924978160264744,-0.008137514740434731,-0.013657620982235663,0.08271478564159822,-0.09271907375275935
187,-0.24129888448905526,-0.5476528514779161,0.1538139274268907,-0.3723188062831874,-0.29223259938319696,0.25149481826465125,0.04078013830440021,-0.03800484524707263,-0.04085746034977324,-0.13855098162691754,0.0660169221056565,-0.03308560029818085
188,-0.20782010587658398,-0.5351103758612624,0.18953917211551377,-0.25382268528013013,-0.18080078381368855,0.15938411401857702,0.022376970245249955,0.018322772980487942,-0.04569266442625874,-0.06337643530915273,0.026945651090430345,-0.08598351625652476
189,-0.601250387516841,0.31336340755806935,0.036499663438668464,0.2699685442271107,-0.07010273968393245,0.03593872652135233,-0.12844337439888392,0.027616516563481817,-0.02363481843611908,0.021174172692899406,0.18552457207651826,-0.1649922840978951
190,-0.651302361429268,0.3754216621921296,0.06939976676308425,0.24133549969952742,-0.029234232763703696,-0.03511071117242572,-0.006368753168438189,0.060091615621793,-0.0005494953787473542,-0.02335176398849419,-0.013169730024497452,0.006351671357603989
191,-0.07239464928728474,-0.5126628596021303,0.34797216387177493,0.08969729473638029,0.008566853709453103,-0.02493046061306694,0.004303109988044958,0.09052875360240442,-0.07525044364221449,0.0573607244772205,0.12683973564479376,0.04760880569298764
192,-0.08427363942391072,-0.5299600391396116,0.23326767124290382,-0.2868013858953908,-0.3152077805228847,0.34073764077369717,0.05100970338697191,-0.033371745306676776,-0.12393494205668933,-0.09634989292707821,0.06999137591348624,0.10081971594084317
193,0.03457150855472029,-0.8041439495623949,-0.47298569563330645,0.4407602272542479,-0.13650979321065188,0.10288328483079275,0.22309157352110673,0.042069320996080614,0.003285017566484284,-0.034634136221563326,-0.014316424225850747,0.14458383218246157
194,0.7788684405784764,-0.14018903513680314,0.00788858077853318,-0.37222855404762284,0.0012728314335821304,-0.13535054958441106,-0.23161776486644467,0.056538562523247654,-0.027406284136751554,0.06444631720411684,-0.11320844045410768,-0.13362669881756298
195,0.9092874761859742,-0.4415410840448672,-0.7889179230377221,0.07977988947528868,-0.07745924387761058,-0.05837121777269412,-0.047992914144710325,0.0226835323978034,0.06287911789787498,0.014989401438040922,-0.14607517295989175,-0.08243638521325486
196,0.8250234831173722,-0.12402469013517016,0.030801802113168724,-0.35091466359860163,0.01580432931057144,-0.08927337519977827,-0.20781863959675442,0.06204385378708083,-0.034544327557607356,0.0744893605543685,-0.0820836458201614,-0.10878370610715586
197,0.9562761894439634,-0.42508477222054464,-0.7655908339942508,0.10147875988315919,-0.06266527231154592,-0.011461779154512915,-0.023763919617275236,0.02828826242009661,0.05561214430028779,0.025213846228116503,-0.11438818991712212,-0.057144668496584186
198,0.8293101005047264,-0.10244417719252122,0.1674447393304448,0.012060856371246473,0.29758146725314066,-0.3989990506775678,-0.2028964062027404,0.13451006437322008,0.04923549047364442,0.1556520683142729,0.16220283937232058,-0.02433171104064262
199,0.9605628068313179,-0.40350425927789574,-0.6289478967769745,0.4644542798530074,0.21911186563102333,-0.3211874546323025,-0.01884168622326119,0.10075447300623587,0.1393919623315396,0.10637655398802089,0.1298982952753599,0.027307326569929062
200,0.9196562825723019,-0.12170656754541635,0.08476224981240313,-0.29719800380772865,-0.028591036195550402,-0.05622885465033078,-0.22304490428311852,0.05378874352013469,-0.1017440882401218,0.1022058670797924,-0.11273883979305001,0.006343063302460258
201,0.9476615776390857,-0.10460284941838478,0.1462234175903399,-0.14196594180404537,0.09890773177747748,-0.16188883104331142,-0.21632406164878998,0.0945760856544975,-0.07720708676979338,0.15193529507986217,-0.032410002794299335,0.024910313532208374
202,0.9531599834829357,-0.0999830170801344,0.10073892585225648,-0.20701443922584387,0.231031668242153,-0.08084683654338166,-0.2532215958177322,-0.029007633693164024,-0.12254930699275696,0.11620941779395132,0.08305033255256512,0.16118119879250625
203,0.8911293349634394,-0.12285811895518099,0.1311864166583958,-0.44004251530720107,-0.399096768378478,0.177285864395717,-0.03818081272141035,-0.022257817138751804,0.004697559545889254,-0.11866561384869684,0.23616820289285462,0.2628322223578522
204,1.0072674963242947,-0.09102350872458265,0.1282559835773271,-0.2567401099504733,-0.0010074375981782412,0.03123455025711676,-0.17786955319648148,0.06423885304557171,-0.11529347772207468,0.12126950930128816,-0.053657948829434365,0.0534998770516075
